id,label
0,1-1
1,1-1
2,1-10
3,1-1
4,5-30
5,2-6
6,2-3
7,2-6
8,6-34
9,1-1
10,2-3
11,6-34
12,2-3
13,6-8
14,6-21
15,6-34
16,2-3
17,2-2
18,6-28
19,2-3
20,6-20
21,2-6
22,6-29
23,2-33
24,1-9
25,1-9
26,1-4
27,6-29
28,6-15
29,6-31
30,5-24
31,2-3
32,2-3
33,2-2
34,2-2
35,5-24
36,2-3
37,5-30
38,1-1
39,1-4
40,6-29
41,5-30
42,1-4
43,1-4
44,6-8
45,5-30
46,5-22
47,1-4
48,1-10
49,1-1
50,5-35
51,6-21
52,1-9
53,1-1
54,1-4
55,1-4
56,4-7
57,5-12
58,1-9
59,1-9
60,5-30
61,2-33
62,1-1
63,1-4
64,1-1
65,2-3
66,6-28
67,6-15
68,5-30
69,4-7
70,1-9
71,2-25
72,1-1
73,6-13
74,2-6
75,4-7
76,2-33
77,5-30
78,2-25
79,5-30
80,2-2
81,2-2
82,6-29
83,6-29
84,1-9
85,1-4
86,1-10
87,2-3
88,5-30
89,1-9
90,2-25
91,1-1
92,1-9
93,2-6
94,1-4
95,6-28
96,1-4
97,2-6
98,1-4
99,6-15
100,2-2
101,2-6
102,2-3
103,4-7
104,2-3
105,6-29
106,5-30
107,2-33
108,2-3
109,5-30
110,6-28
111,2-3
112,6-28
113,1-1
114,1-9
115,2-33
116,6-15
117,2-6
118,6-13
119,5-22
120,1-9
121,6-29
122,2-2
123,2-3
124,5-22
125,6-15
126,5-30
127,2-3
128,2-33
129,5-30
130,5-30
131,2-3
132,2-3
133,5-22
134,1-4
135,5-30
136,2-3
137,2-3
138,6-15
139,5-30
140,2-6
141,4-7
142,1-4
143,1-1
144,2-6
145,2-6
146,1-9
147,2-6
148,5-22
149,6-28
150,2-6
151,5-35
152,1-4
153,6-15
154,5-30
155,5-30
156,2-6
157,1-1
158,2-3
159,1-1
160,5-12
161,2-3
162,4-7
163,6-8
164,1-4
165,1-4
166,6-15
167,2-3
168,2-6
169,2-2
170,1-9
171,6-8
172,1-9
173,2-3
174,6-15
175,2-3
176,1-4
177,6-8
178,1-1
179,5-30
180,2-3
181,2-33
182,1-1
183,1-4
184,2-3
185,2-2
186,2-3
187,1-9
188,1-10
189,6-28
190,2-6
191,2-33
192,1-4
193,2-33
194,2-6
195,2-6
196,5-30
197,2-6
198,2-6
199,4-7
200,1-4
201,7-16
202,2-6
203,2-11
204,4-7
205,2-6
206,2-2
207,6-8
208,1-1
209,6-28
210,6-8
211,6-19
212,1-1
213,4-7
214,6-29
215,1-4
216,5-30
217,6-28
218,6-29
219,1-9
220,2-3
221,5-24
222,1-1
223,5-30
224,2-3
225,2-3
226,1-9
227,5-35
228,2-6
229,1-9
230,5-30
231,2-3
232,6-8
233,6-15
234,1-9
235,6-28
236,2-2
237,2-33
238,5-30
239,6-15
240,5-30
241,2-2
242,2-3
243,1-1
244,2-6
245,5-30
246,5-30
247,2-3
248,1-4
249,4-7
250,1-1
251,1-4
252,6-29
253,1-1
254,1-1
255,1-4
256,6-15
257,1-4
258,2-3
259,2-3
260,2-3
261,2-33
262,6-29
263,1-1
264,6-8
265,2-6
266,5-30
267,6-15
268,2-2
269,1-9
270,5-30
271,1-1
272,2-3
273,1-10
274,5-22
275,6-15
276,2-6
277,6-34
278,5-35
279,5-30
280,1-1
281,2-33
282,5-30
283,5-30
284,2-6
285,4-7
286,1-4
287,2-3
288,1-4
289,2-3
290,1-1
291,6-34
292,2-33
293,1-1
294,6-34
295,1-10
296,1-1
297,1-4
298,2-6
299,2-3
300,1-10
301,6-15
302,1-1
303,6-29
304,2-2
305,2-3
306,1-1
307,1-1
308,1-4
309,2-6
310,5-30
311,5-30
312,6-8
313,2-3
314,1-1
315,1-9
316,1-4
317,1-1
318,2-33
319,1-4
320,1-10
321,6-15
322,1-1
323,1-4
324,2-33
325,1-9
326,2-2
327,5-35
328,5-30
329,1-4
330,6-29
331,2-6
332,2-6
333,1-4
334,6-13
335,1-4
336,2-3
337,1-1
338,1-1
339,1-4
340,2-3
341,6-19
342,2-3
343,6-28
344,6-15
345,2-6
346,2-6
347,2-3
348,5-30
349,1-1
350,6-34
351,6-8
352,6-21
353,5-30
354,5-22
355,6-15
356,1-9
357,2-3
358,5-35
359,2-3
360,5-35
361,2-25
362,6-8
363,6-15
364,6-28
365,5-30
366,1-4
367,2-6
368,1-1
369,1-4
370,2-6
371,6-15
372,1-4
373,1-4
374,5-24
375,6-29
376,2-6
377,2-3
378,1-4
379,1-1
380,2-6
381,1-9
382,5-30
383,6-28
384,6-29
385,2-3
386,5-30
387,6-15
388,1-4
389,2-6
390,1-1
391,1-9
392,2-3
393,5-30
394,2-3
395,2-6
396,1-9
397,1-1
398,6-34
399,2-3
400,1-1
401,2-2
402,6-15
403,2-6
404,5-30
405,6-15
406,6-8
407,2-33
408,2-6
409,2-3
410,6-8
411,6-32
412,2-33
413,1-10
414,6-15
415,6-34
416,2-6
417,6-20
418,6-34
419,1-9
420,1-9
421,1-9
422,2-3
423,1-1
424,1-1
425,6-15
426,1-1
427,5-30
428,1-1
429,1-4
430,2-2
431,1-10
432,1-1
433,1-1
434,1-9
435,1-1
436,1-4
437,1-4
438,1-9
439,1-9
440,2-2
441,2-3
442,1-1
443,6-34
444,1-1
445,6-21
446,1-1
447,1-4
448,6-28
449,6-29
450,1-1
451,1-1
452,2-3
453,1-9
454,5-30
455,6-29
456,5-30
457,1-9
458,2-3
459,2-6
460,1-1
461,1-9
462,1-4
463,6-29
464,2-6
465,2-3
466,2-6
467,5-30
468,1-1
469,2-25
470,1-4
471,1-4
472,1-1
473,5-30
474,6-28
475,1-9
476,5-30
477,5-35
478,5-30
479,4-7
480,1-4
481,6-15
482,2-3
483,2-2
484,2-6
485,2-14
486,6-28
487,1-1
488,5-22
489,2-33
490,2-25
491,2-6
492,6-13
493,2-33
494,5-30
495,1-1
496,2-6
497,2-3
498,2-6
499,2-6
500,2-3
501,6-15
502,6-8
503,1-1
504,5-22
505,2-6
506,1-9
507,2-3
508,1-1
509,1-4
510,5-30
511,2-6
512,2-6
513,1-1
514,2-2
515,2-3
516,2-3
517,1-4
518,6-19
519,2-3
520,2-6
521,6-29
522,2-6
523,6-15
524,5-30
525,2-6
526,5-22
527,1-9
528,1-9
529,5-30
530,6-29
531,1-1
532,2-3
533,2-6
534,5-30
535,1-9
536,2-3
537,2-6
538,5-30
539,6-15
540,1-9
541,5-30
542,1-4
543,1-9
544,2-33
545,2-2
546,2-33
547,1-4
548,6-28
549,1-1
550,1-1
551,6-29
552,2-3
553,1-4
554,1-10
555,2-2
556,5-30
557,1-9
558,6-34
559,2-33
560,4-7
561,5-22
562,6-29
563,6-28
564,2-6
565,2-6
566,1-4
567,6-34
568,2-6
569,5-24
570,1-9
571,6-29
572,1-9
573,2-6
574,5-24
575,2-3
576,1-1
577,6-28
578,1-4
579,1-1
580,1-1
581,5-24
582,2-3
583,1-4
584,5-22
585,2-33
586,2-3
587,2-2
588,1-4
589,1-4
590,5-30
591,6-29
592,1-9
593,6-19
594,1-10
595,2-3
596,2-3
597,2-6
598,6-29
599,1-4
600,5-30
601,2-6
602,1-9
603,1-9
604,5-30
605,1-4
606,1-4
607,2-33
608,6-15
609,6-19
610,5-22
611,5-22
612,5-30
613,6-28
614,5-30
615,5-30
616,2-6
617,6-15
618,1-1
619,1-1
620,1-4
621,2-3
622,6-34
623,1-9
624,5-30
625,2-6
626,2-33
627,1-4
628,6-28
629,1-9
630,1-1
631,2-25
632,10-26
633,1-4
634,1-4
635,2-33
636,6-29
637,1-4
638,6-15
639,6-29
640,6-15
641,1-1
642,6-8
643,1-4
644,5-30
645,1-9
646,1-1
647,2-33
648,2-3
649,6-15
650,1-1
651,6-8
652,6-21
653,2-3
654,6-8
655,2-3
656,8-27
657,5-30
658,6-15
659,5-22
660,5-35
661,1-4
662,1-1
663,2-3
664,9-23
665,5-35
666,1-1
667,9-23
668,2-3
669,2-3
670,2-33
671,5-30
672,6-34
673,1-4
674,6-8
675,6-13
676,1-1
677,2-3
678,1-1
679,1-4
680,2-3
681,2-6
682,1-1
683,2-2
684,5-22
685,6-15
686,1-1
687,6-15
688,1-9
689,2-6
690,5-30
691,5-30
692,1-1
693,1-1
694,2-3
695,5-30
696,6-34
697,1-4
698,1-10
699,1-1
700,1-1
701,2-2
702,2-3
703,7-16
704,5-22
705,1-1
706,6-34
707,8-18
708,1-4
709,1-4
710,1-4
711,1-4
712,5-35
713,6-34
714,6-28
715,5-30
716,1-1
717,2-2
718,6-34
719,2-33
720,6-8
721,5-35
722,2-33
723,2-3
724,2-6
725,1-4
726,1-9
727,1-9
728,2-3
729,6-21
730,6-21
731,2-33
732,5-30
733,1-9
734,5-35
735,1-4
736,2-2
737,1-1
738,1-1
739,1-1
740,2-3
741,2-6
742,5-30
743,5-24
744,2-6
745,1-4
746,2-3
747,1-10
748,5-35
749,2-3
750,5-35
751,1-9
752,2-6
753,1-9
754,7-16
755,5-35
756,7-16
757,6-28
758,1-9
759,2-3
760,4-7
761,6-15
762,1-9
763,6-8
764,2-33
765,6-28
766,2-3
767,1-1
768,2-3
769,6-28
770,5-30
771,1-1
772,1-4
773,5-30
774,6-8
775,2-33
776,1-1
777,6-8
778,2-3
779,1-4
780,1-9
781,1-1
782,1-9
783,1-9
784,6-28
785,5-30
786,2-3
787,5-22
788,1-1
789,5-30
790,6-28
791,2-33
792,1-4
793,5-22
794,2-33
795,5-30
796,2-3
797,6-29
798,1-9
799,1-1
800,1-4
801,2-6
802,1-4
803,5-22
804,1-1
805,5-30
806,2-33
807,5-30
808,2-6
809,1-1
810,1-1
811,1-9
812,1-4
813,6-8
814,1-9
815,2-6
816,2-2
817,6-28
818,2-33
819,2-33
820,5-35
821,6-15
822,6-15
823,1-1
824,1-1
825,6-13
826,2-3
827,1-4
828,1-9
829,10-26
830,2-3
831,1-1
832,1-1
833,1-10
834,1-1
835,2-33
836,1-9
837,1-1
838,2-33
839,1-1
840,5-30
841,2-6
842,6-15
843,6-21
844,2-33
845,1-1
846,1-1
847,1-1
848,2-25
849,1-10
850,6-34
851,1-9
852,1-4
853,2-33
854,2-3
855,5-30
856,2-3
857,2-3
858,1-9
859,6-8
860,5-24
861,6-15
862,2-6
863,2-3
864,6-8
865,5-22
866,2-3
867,5-35
868,2-3
869,5-30
870,1-1
871,5-30
872,6-15
873,2-33
874,2-3
875,2-3
876,2-33
877,1-10
878,1-1
879,5-30
880,1-1
881,1-9
882,1-1
883,5-30
884,1-1
885,6-34
886,6-8
887,5-30
888,6-21
889,6-28
890,5-30
891,2-6
892,5-30
893,2-3
894,1-9
895,5-22
896,6-15
897,2-3
898,2-2
899,1-1
900,1-9
901,6-31
902,6-29
903,5-24
904,1-9
905,1-9
906,1-9
907,2-3
908,1-9
909,6-15
910,1-9
911,2-11
912,1-9
913,1-1
914,2-3
915,5-35
916,1-1
917,2-3
918,1-9
919,6-15
920,1-1
921,1-1
922,2-6
923,1-1
924,2-6
925,1-1
926,2-3
927,1-9
928,6-15
929,6-28
930,1-1
931,2-3
932,2-6
933,2-33
934,2-3
935,2-33
936,6-19
937,2-3
938,6-34
939,6-28
940,2-33
941,6-15
942,2-33
943,1-9
944,2-3
945,2-6
946,2-3
947,2-3
948,1-1
949,2-25
950,5-30
951,2-3
952,6-21
953,1-1
954,6-21
955,5-30
956,6-8
957,2-25
958,5-22
959,2-3
960,6-13
961,6-8
962,1-4
963,6-34
964,5-12
965,1-4
966,6-29
967,5-30
968,1-9
969,1-9
970,1-9
971,1-1
972,1-1
973,5-30
974,1-9
975,1-9
976,2-2
977,1-4
978,5-35
979,1-1
980,6-15
981,6-21
982,6-28
983,1-1
984,6-13
985,1-9
986,1-9
987,5-30
988,1-1
989,6-13
990,5-30
991,1-4
992,4-7
993,6-29
994,2-3
995,5-30
996,1-10
997,6-15
998,1-1
999,5-30
1000,6-8
1001,1-9
1002,2-2
1003,5-22
1004,5-30
1005,5-30
1006,2-3
1007,2-6
1008,2-3
1009,1-1
1010,6-15
1011,1-9
1012,1-9
1013,5-30
1014,2-33
1015,1-1
1016,1-9
1017,4-7
1018,1-9
1019,6-8
1020,1-1
1021,1-1
1022,1-1
1023,6-34
1024,1-9
1025,6-15
1026,2-6
1027,2-6
1028,6-34
1029,5-30
1030,1-10
1031,2-33
1032,6-8
1033,6-8
1034,2-3
1035,6-21
1036,2-6
1037,1-9
1038,2-2
1039,1-1
1040,2-3
1041,4-7
1042,6-15
1043,1-4
1044,6-29
1045,1-4
1046,6-15
1047,1-1
1048,1-1
1049,1-1
1050,5-24
1051,1-9
1052,6-34
1053,6-32
1054,6-29
1055,5-35
1056,2-3
1057,1-9
1058,6-20
1059,1-4
1060,2-6
1061,1-1
1062,6-15
1063,5-30
1064,1-4
1065,6-28
1066,1-9
1067,2-3
1068,5-35
1069,6-15
1070,2-6
1071,6-15
1072,2-3
1073,6-13
1074,2-6
1075,1-1
1076,1-9
1077,2-3
1078,5-30
1079,2-14
1080,1-4
1081,1-4
1082,2-6
1083,2-6
1084,2-3
1085,2-33
1086,6-8
1087,1-4
1088,1-1
1089,1-9
1090,2-33
1091,6-15
1092,2-25
1093,2-6
1094,2-3
1095,1-4
1096,1-9
1097,1-1
1098,5-30
1099,2-33
1100,6-29
1101,2-3
1102,1-4
1103,2-6
1104,6-13
1105,2-6
1106,1-1
1107,6-29
1108,5-24
1109,6-8
1110,1-9
1111,6-29
1112,5-30
1113,6-8
1114,2-3
1115,2-33
1116,2-3
1117,2-6
1118,1-4
1119,6-29
1120,2-3
1121,1-4
1122,1-9
1123,9-23
1124,6-34
1125,5-22
1126,1-4
1127,1-1
1128,4-7
1129,2-3
1130,6-15
1131,1-4
1132,1-1
1133,5-30
1134,5-30
1135,1-1
1136,5-22
1137,6-34
1138,2-25
1139,5-24
1140,1-1
1141,2-3
1142,6-15
1143,1-1
1144,5-35
1145,1-9
1146,1-10
1147,6-21
1148,7-16
1149,6-29
1150,2-3
1151,2-6
1152,6-20
1153,1-9
1154,2-3
1155,6-21
1156,5-12
1157,2-3
1158,2-6
1159,6-8
1160,1-1
1161,2-3
1162,6-8
1163,1-9
1164,2-3
1165,1-1
1166,6-29
1167,1-1
1168,1-9
1169,2-3
1170,6-28
1171,2-3
1172,5-22
1173,5-35
1174,2-3
1175,1-1
1176,2-33
1177,1-9
1178,6-21
1179,1-1
1180,1-1
1181,1-9
1182,2-6
1183,5-30
1184,2-6
1185,2-3
1186,6-8
1187,5-30
1188,2-6
1189,2-6
1190,1-1
1191,4-7
1192,6-29
1193,1-1
1194,1-9
1195,5-30
1196,6-34
1197,1-4
1198,2-3
1199,6-8
1200,6-8
1201,1-1
1202,1-1
1203,1-1
1204,1-1
1205,1-1
1206,2-2
1207,1-4
1208,1-1
1209,1-4
1210,6-8
1211,2-6
1212,1-1
1213,1-1
1214,2-3
1215,1-9
1216,5-30
1217,6-13
1218,2-33
1219,1-9
1220,5-30
1221,1-1
1222,6-28
1223,1-1
1224,2-17
1225,1-1
1226,1-1
1227,5-30
1228,5-30
1229,5-35
1230,6-29
1231,1-1
1232,2-6
1233,5-30
1234,1-1
1235,1-1
1236,6-15
1237,1-9
1238,2-2
1239,5-30
1240,2-25
1241,6-28
1242,1-1
1243,6-13
1244,1-1
1245,1-1
1246,6-28
1247,4-7
1248,6-19
1249,2-3
1250,1-4
1251,2-17
1252,2-33
1253,1-9
1254,5-30
1255,1-4
1256,1-1
1257,2-3
1258,2-3
1259,5-30
1260,2-6
1261,5-22
1262,6-15
1263,9-23
1264,1-4
1265,1-4
1266,5-30
1267,1-4
1268,2-3
1269,6-29
1270,2-3
1271,4-7
1272,1-4
1273,1-9
1274,6-13
1275,2-3
1276,2-3
1277,2-3
1278,6-15
1279,5-30
1280,2-2
1281,2-6
1282,1-4
1283,4-7
1284,6-21
1285,1-4
1286,6-34
1287,1-4
1288,6-29
1289,6-15
1290,1-4
1291,2-33
1292,2-25
1293,1-1
1294,6-29
1295,1-9
1296,2-25
1297,6-21
1298,1-4
1299,5-30
1300,2-3
1301,5-30
1302,6-28
1303,6-8
1304,2-3
1305,5-30
1306,1-9
1307,6-19
1308,6-29
1309,1-9
1310,1-1
1311,6-32
1312,1-9
1313,2-6
1314,6-34
1315,6-28
1316,2-6
1317,6-8
1318,1-1
1319,5-30
1320,1-4
1321,2-3
1322,5-30
1323,6-29
1324,1-1
1325,1-9
1326,5-30
1327,2-2
1328,2-3
1329,6-34
1330,10-26
1331,5-30
1332,2-3
1333,6-29
1334,2-6
1335,1-1
1336,6-8
1337,5-30
1338,1-1
1339,1-9
1340,6-13
1341,2-3
1342,2-3
1343,5-30
1344,5-30
1345,2-3
1346,6-34
1347,1-1
1348,1-10
1349,1-4
1350,2-3
1351,1-4
1352,2-2
1353,2-3
1354,2-33
1355,2-6
1356,6-8
1357,6-28
1358,6-34
1359,1-9
1360,2-3
1361,6-29
1362,2-33
1363,5-24
1364,1-1
1365,2-6
1366,1-4
1367,2-3
1368,1-4
1369,1-1
1370,2-33
1371,2-6
1372,6-13
1373,1-1
1374,2-25
1375,5-22
1376,5-30
1377,5-30
1378,1-9
1379,6-8
1380,1-1
1381,6-15
1382,2-3
1383,1-4
1384,1-1
1385,5-30
1386,1-4
1387,6-34
1388,6-8
1389,1-4
1390,6-34
1391,2-6
1392,1-1
1393,1-9
1394,1-9
1395,2-3
1396,6-15
1397,6-21
1398,1-4
1399,1-9
1400,6-15
1401,2-25
1402,2-3
1403,10-26
1404,1-4
1405,2-3
1406,2-3
1407,5-30
1408,5-30
1409,6-15
1410,9-23
1411,5-30
1412,8-27
1413,1-1
1414,1-4
1415,1-4
1416,2-6
1417,6-28
1418,2-33
1419,1-1
1420,1-4
1421,2-6
1422,5-12
1423,6-34
1424,2-6
1425,1-1
1426,2-6
1427,1-4
1428,1-9
1429,2-6
1430,6-28
1431,2-3
1432,5-30
1433,5-24
1434,1-1
1435,6-34
1436,1-1
1437,1-1
1438,6-29
1439,2-3
1440,6-8
1441,2-33
1442,1-4
1443,1-1
1444,1-4
1445,2-3
1446,6-34
1447,2-6
1448,2-3
1449,6-8
1450,1-1
1451,2-2
1452,6-8
1453,1-1
1454,1-9
1455,5-30
1456,1-1
1457,6-32
1458,2-33
1459,6-15
1460,5-30
1461,2-3
1462,2-3
1463,2-6
1464,6-29
1465,5-30
1466,2-3
1467,2-6
1468,1-9
1469,1-4
1470,1-1
1471,6-32
1472,1-9
1473,1-9
1474,2-6
1475,1-1
1476,5-22
1477,5-30
1478,5-30
1479,2-6
1480,5-30
1481,1-1
1482,1-9
1483,2-6
1484,6-29
1485,2-3
1486,2-3
1487,2-6
1488,2-3
1489,1-4
1490,1-1
1491,2-6
1492,2-33
1493,5-35
1494,1-4
1495,5-30
1496,6-15
1497,1-1
1498,2-6
1499,1-9
1500,1-1
1501,5-30
1502,1-1
1503,1-4
1504,6-29
1505,5-30
1506,5-22
1507,6-19
1508,6-28
1509,1-1
1510,6-28
1511,1-1
1512,1-10
1513,1-1
1514,2-3
1515,1-1
1516,1-9
1517,1-1
1518,1-4
1519,6-8
1520,1-4
1521,5-22
1522,1-1
1523,2-6
1524,5-30
1525,1-10
1526,5-30
1527,1-10
1528,2-3
1529,5-30
1530,2-25
1531,5-35
1532,2-6
1533,2-6
1534,8-27
1535,1-9
1536,1-9
1537,1-1
1538,5-30
1539,2-25
1540,1-1
1541,6-19
1542,5-30
1543,2-6
1544,2-3
1545,2-3
1546,6-8
1547,1-4
1548,5-22
1549,1-1
1550,1-4
1551,2-3
1552,2-2
1553,1-1
1554,2-3
1555,1-4
1556,5-24
1557,2-3
1558,1-1
1559,6-28
1560,1-9
1561,2-3
1562,2-6
1563,2-3
1564,6-15
1565,6-20
1566,1-10
1567,2-3
1568,1-9
1569,6-15
1570,6-28
1571,2-33
1572,1-4
1573,1-10
1574,1-9
1575,1-1
1576,1-9
1577,5-30
1578,2-2
1579,2-3
1580,1-4
1581,5-30
1582,1-9
1583,1-1
1584,5-30
1585,2-6
1586,2-3
1587,1-4
1588,1-10
1589,9-23
1590,6-20
1591,1-9
1592,2-33
1593,6-15
1594,1-10
1595,5-30
1596,1-1
1597,1-9
1598,6-15
1599,5-30
1600,2-3
1601,6-8
1602,1-1
1603,1-4
1604,6-34
1605,6-15
1606,1-4
1607,10-26
1608,6-15
1609,1-10
1610,5-30
1611,5-24
1612,1-4
1613,1-1
1614,2-2
1615,1-4
1616,2-33
1617,5-30
1618,1-1
1619,6-15
1620,1-9
1621,2-3
1622,1-10
1623,2-33
1624,2-3
1625,1-9
1626,2-3
1627,1-9
1628,5-35
1629,1-4
1630,6-15
1631,1-4
1632,6-15
1633,1-1
1634,2-33
1635,1-4
1636,1-4
1637,1-1
1638,1-1
1639,5-30
1640,2-3
1641,1-9
1642,1-1
1643,1-4
1644,5-30
1645,1-4
1646,2-3
1647,1-1
1648,1-1
1649,2-6
1650,1-9
1651,1-1
1652,2-6
1653,2-6
1654,6-13
1655,5-30
1656,1-1
1657,2-33
1658,2-11
1659,1-9
1660,1-4
1661,2-3
1662,1-4
1663,2-3
1664,2-3
1665,1-9
1666,1-4
1667,1-1
1668,1-1
1669,1-1
1670,1-1
1671,5-30
1672,6-15
1673,2-33
1674,1-1
1675,1-9
1676,1-4
1677,2-3
1678,6-15
1679,2-3
1680,6-15
1681,5-35
1682,2-3
1683,1-9
1684,6-21
1685,1-4
1686,6-15
1687,1-4
1688,2-3
1689,6-15
1690,2-6
1691,2-25
1692,1-9
1693,6-34
1694,5-35
1695,6-15
1696,1-9
1697,5-30
1698,6-34
1699,1-9
1700,4-7
1701,6-15
1702,5-22
1703,1-9
1704,1-4
1705,6-15
1706,2-3
1707,2-6
1708,2-6
1709,2-2
1710,1-1
1711,1-1
1712,5-30
1713,6-13
1714,2-3
1715,6-29
1716,2-3
1717,1-4
1718,6-15
1719,2-3
1720,1-1
1721,5-22
1722,1-1
1723,1-4
1724,2-3
1725,6-8
1726,2-3
1727,1-1
1728,5-30
1729,5-30
1730,4-7
1731,2-2
1732,1-9
1733,1-1
1734,6-8
1735,1-1
1736,2-33
1737,1-9
1738,5-30
1739,5-30
1740,1-1
1741,1-4
1742,1-9
1743,4-7
1744,1-4
1745,2-6
1746,2-3
1747,6-29
1748,5-30
1749,2-6
1750,2-33
1751,9-23
1752,1-1
1753,1-10
1754,1-4
1755,2-3
1756,6-28
1757,2-6
1758,1-9
1759,1-9
1760,2-17
1761,2-33
1762,2-33
1763,2-3
1764,1-4
1765,2-6
1766,2-33
1767,2-33
1768,2-3
1769,1-1
1770,1-9
1771,1-4
1772,6-8
1773,2-3
1774,6-15
1775,2-25
1776,5-30
1777,6-21
1778,2-3
1779,2-3
1780,1-1
1781,2-3
1782,2-2
1783,6-15
1784,1-4
1785,2-6
1786,2-11
1787,1-1
1788,6-20
1789,5-22
1790,1-9
1791,5-30
1792,1-1
1793,6-19
1794,1-1
1795,6-29
1796,6-34
1797,2-25
1798,2-3
1799,1-1
1800,2-6
1801,2-3
1802,6-21
1803,2-6
1804,1-4
1805,6-15
1806,2-3
1807,2-6
1808,2-3
1809,2-6
1810,1-4
1811,2-6
1812,1-10
1813,2-2
1814,5-30
1815,2-3
1816,2-3
1817,1-10
1818,6-28
1819,1-4
1820,1-1
1821,1-1
1822,2-25
1823,1-1
1824,4-7
1825,2-3
1826,5-30
1827,2-3
1828,2-3
1829,1-1
1830,2-33
1831,2-25
1832,2-2
1833,1-1
1834,6-13
1835,1-9
1836,6-28
1837,4-7
1838,2-3
1839,1-9
1840,1-1
1841,5-30
1842,6-15
1843,1-9
1844,1-1
1845,1-4
1846,1-1
1847,1-1
1848,5-30
1849,1-1
1850,5-30
1851,6-8
1852,1-9
1853,2-33
1854,6-28
1855,2-25
1856,1-4
1857,2-6
1858,5-30
1859,6-8
1860,6-13
1861,6-32
1862,4-7
1863,1-10
1864,6-29
1865,1-1
1866,1-4
1867,6-19
1868,2-25
1869,6-28
1870,6-28
1871,6-15
1872,2-3
1873,5-22
1874,2-2
1875,2-6
1876,1-4
1877,6-15
1878,1-1
1879,1-4
1880,6-8
1881,1-9
1882,2-33
1883,5-12
1884,1-4
1885,4-7
1886,5-30
1887,1-4
1888,5-35
1889,6-15
1890,1-4
1891,2-3
1892,5-30
1893,2-3
1894,2-6
1895,2-2
1896,6-28
1897,1-9
1898,5-30
1899,6-19
1900,2-2
1901,1-1
1902,10-26
1903,2-6
1904,1-4
1905,2-6
1906,1-1
1907,2-33
1908,2-33
1909,1-9
1910,2-3
1911,1-1
1912,1-9
1913,1-1
1914,6-15
1915,2-3
1916,1-9
1917,6-15
1918,2-33
1919,5-30
1920,2-2
1921,2-3
1922,2-33
1923,2-3
1924,1-4
1925,6-8
1926,1-1
1927,1-9
1928,6-29
1929,2-6
1930,2-3
1931,2-6
1932,2-3
1933,2-3
1934,2-3
1935,5-35
1936,4-7
1937,2-3
1938,1-9
1939,2-25
1940,6-15
1941,2-33
1942,2-25
1943,6-15
1944,6-8
1945,2-3
1946,1-1
1947,5-30
1948,1-9
1949,5-30
1950,1-9
1951,5-30
1952,6-8
1953,6-15
1954,1-1
1955,2-3
1956,1-1
1957,2-3
1958,2-3
1959,1-1
1960,5-30
1961,2-3
1962,2-33
1963,1-1
1964,1-1
1965,1-9
1966,1-1
1967,1-4
1968,1-4
1969,6-28
1970,1-9
1971,5-22
1972,5-30
1973,5-12
1974,6-34
1975,1-1
1976,1-9
1977,1-9
1978,2-33
1979,2-3
1980,2-3
1981,2-2
1982,7-16
1983,5-35
1984,6-15
1985,5-30
1986,5-30
1987,1-9
1988,1-1
1989,2-3
1990,1-1
1991,1-1
1992,5-30
1993,1-1
1994,5-30
1995,1-4
1996,1-1
1997,2-6
1998,6-8
1999,5-35
2000,1-9
2001,1-4
2002,1-4
2003,5-30
2004,6-19
2005,5-30
2006,6-29
2007,1-9
2008,1-1
2009,5-30
2010,2-33
2011,6-21
2012,6-21
2013,1-1
2014,1-1
2015,1-4
2016,1-1
2017,1-4
2018,1-9
2019,5-30
2020,6-21
2021,5-22
2022,2-6
2023,2-3
2024,1-1
2025,1-4
2026,2-33
2027,2-3
2028,5-35
2029,6-8
2030,6-15
2031,1-4
2032,5-30
2033,2-33
2034,2-3
2035,1-1
2036,2-3
2037,6-8
2038,1-4
2039,1-9
2040,5-22
2041,2-2
2042,6-15
2043,6-8
2044,1-4
2045,1-1
2046,1-10
2047,5-22
2048,2-3
2049,5-22
2050,1-9
2051,6-13
2052,2-3
2053,2-33
2054,6-8
2055,5-24
2056,2-3
2057,4-7
2058,1-4
2059,6-34
2060,2-25
2061,2-3
2062,4-7
2063,1-1
2064,2-3
2065,2-3
2066,5-30
2067,1-4
2068,6-15
2069,1-1
2070,2-2
2071,2-3
2072,2-33
2073,2-25
2074,1-9
2075,2-6
2076,5-30
2077,2-33
2078,6-29
2079,5-30
2080,6-15
2081,2-3
2082,9-23
2083,1-9
2084,6-15
2085,1-10
2086,1-9
2087,2-6
2088,6-28
2089,1-4
2090,5-30
2091,1-1
2092,2-25
2093,2-6
2094,1-1
2095,6-8
2096,1-1
2097,6-8
2098,5-30
2099,2-33
2100,6-29
2101,1-9
2102,2-3
2103,4-7
2104,6-21
2105,6-34
2106,1-1
2107,1-4
2108,2-6
2109,1-1
2110,2-33
2111,1-4
2112,2-3
2113,2-3
2114,4-7
2115,1-9
2116,5-30
2117,6-20
2118,6-13
2119,1-10
2120,1-1
2121,2-3
2122,6-20
2123,6-15
2124,1-4
2125,1-1
2126,5-24
2127,6-19
2128,2-3
2129,1-1
2130,2-11
2131,2-6
2132,6-15
2133,2-3
2134,6-8
2135,2-33
2136,2-3
2137,6-15
2138,2-3
2139,2-2
2140,5-24
2141,1-9
2142,2-6
2143,6-21
2144,5-22
2145,2-2
2146,1-1
2147,6-15
2148,6-15
2149,1-10
2150,6-34
2151,6-34
2152,1-4
2153,5-30
2154,6-29
2155,2-2
2156,1-1
2157,6-13
2158,2-33
2159,2-11
2160,1-9
2161,2-2
2162,4-7
2163,1-9
2164,1-1
2165,2-3
2166,6-8
2167,5-30
2168,1-1
2169,1-9
2170,1-10
2171,1-9
2172,5-30
2173,1-4
2174,4-7
2175,2-25
2176,1-4
2177,1-1
2178,2-25
2179,4-7
2180,5-30
2181,1-4
2182,1-1
2183,6-15
2184,6-29
2185,1-1
2186,6-13
2187,2-3
2188,1-1
2189,2-6
2190,6-20
2191,2-3
2192,2-2
2193,1-9
2194,5-30
2195,1-9
2196,1-1
2197,1-1
2198,2-2
2199,6-34
2200,1-4
2201,1-10
2202,6-34
2203,1-10
2204,2-6
2205,1-1
2206,2-25
2207,1-9
2208,1-1
2209,1-1
2210,1-9
2211,2-6
2212,2-3
2213,1-9
2214,1-9
2215,1-1
2216,4-7
2217,1-1
2218,1-1
2219,6-29
2220,1-4
2221,2-3
2222,1-1
2223,1-1
2224,2-6
2225,5-30
2226,6-34
2227,2-3
2228,5-30
2229,2-3
2230,6-15
2231,2-3
2232,1-4
2233,6-34
2234,5-35
2235,5-30
2236,2-6
2237,7-16
2238,5-30
2239,6-15
2240,1-9
2241,2-6
2242,5-30
2243,2-3
2244,1-1
2245,5-30
2246,1-1
2247,6-15
2248,6-15
2249,1-4
2250,6-28
2251,1-1
2252,1-4
2253,5-35
2254,2-33
2255,5-30
2256,2-3
2257,6-29
2258,1-1
2259,6-15
2260,6-29
2261,5-30
2262,1-1
2263,1-9
2264,6-28
2265,6-29
2266,1-4
2267,1-9
2268,1-1
2269,1-1
2270,1-4
2271,2-3
2272,6-19
2273,5-35
2274,1-1
2275,2-2
2276,5-30
2277,6-34
2278,2-33
2279,5-30
2280,2-2
2281,2-3
2282,5-22
2283,5-30
2284,2-3
2285,1-9
2286,1-1
2287,1-1
2288,1-1
2289,6-15
2290,5-30
2291,1-9
2292,1-9
2293,1-4
2294,6-34
2295,2-6
2296,2-3
2297,2-3
2298,6-8
2299,1-9
2300,5-30
2301,6-29
2302,2-25
2303,5-30
2304,1-9
2305,5-30
2306,5-22
2307,1-9
2308,6-15
2309,5-30
2310,1-4
2311,1-4
2312,2-3
2313,1-9
2314,1-1
2315,1-9
2316,1-1
2317,2-2
2318,2-25
2319,5-30
2320,5-30
2321,2-3
2322,1-4
2323,6-28
2324,5-30
2325,5-30
2326,6-15
2327,6-34
2328,5-30
2329,1-9
2330,1-4
2331,5-30
2332,1-1
2333,6-15
2334,2-6
2335,5-24
2336,1-4
2337,1-1
2338,2-3
2339,2-2
2340,6-15
2341,6-15
2342,6-19
2343,1-1
2344,5-12
2345,1-4
2346,6-15
2347,1-10
2348,1-4
2349,6-34
2350,1-9
2351,6-15
2352,2-3
2353,1-1
2354,2-33
2355,1-9
2356,4-7
2357,1-4
2358,6-34
2359,6-15
2360,4-7
2361,6-13
2362,5-22
2363,1-9
2364,6-29
2365,1-9
2366,1-4
2367,5-35
2368,6-8
2369,6-15
2370,1-9
2371,4-7
2372,6-8
2373,2-33
2374,1-4
2375,5-30
2376,2-3
2377,2-3
2378,2-33
2379,1-9
2380,1-9
2381,2-33
2382,2-3
2383,2-3
2384,2-3
2385,1-4
2386,1-9
2387,1-4
2388,6-29
2389,1-1
2390,2-25
2391,1-1
2392,2-2
2393,1-1
2394,2-11
2395,1-4
2396,6-19
2397,6-15
2398,5-30
2399,1-1
2400,6-8
2401,5-30
2402,2-3
2403,5-30
2404,2-3
2405,2-3
2406,5-30
2407,1-4
2408,1-4
2409,2-3
2410,6-15
2411,1-1
2412,2-2
2413,1-1
2414,6-15
2415,1-1
2416,2-33
2417,5-22
2418,1-1
2419,6-29
2420,5-30
2421,6-8
2422,2-6
2423,5-35
2424,1-4
2425,1-1
2426,6-8
2427,1-9
2428,6-13
2429,2-6
2430,2-3
2431,1-9
2432,2-6
2433,2-6
2434,1-9
2435,6-21
2436,5-30
2437,5-22
2438,6-8
2439,6-8
2440,1-9
2441,6-8
2442,6-8
2443,5-30
2444,5-30
2445,6-15
2446,6-8
2447,5-30
2448,1-9
2449,2-6
2450,2-6
2451,6-13
2452,4-7
2453,1-1
2454,2-33
2455,5-30
2456,6-15
2457,1-1
2458,1-9
2459,1-4
2460,6-28
2461,5-30
2462,2-11
2463,6-15
2464,5-22
2465,1-9
2466,9-23
2467,1-1
2468,1-4
2469,1-4
2470,6-34
2471,2-3
2472,1-9
2473,6-8
2474,5-30
2475,6-8
2476,1-4
2477,5-35
2478,6-20
2479,6-8
2480,1-9
2481,6-29
2482,6-34
2483,6-29
2484,5-24
2485,6-19
2486,5-30
2487,1-1
2488,2-33
2489,1-4
2490,1-9
2491,6-8
2492,5-30
2493,2-3
2494,1-1
2495,5-30
2496,2-33
2497,6-29
2498,2-3
2499,2-3
2500,1-4
2501,5-30
2502,9-23
2503,2-3
2504,1-9
2505,4-7
2506,1-4
2507,1-1
2508,4-7
2509,6-29
2510,1-9
2511,5-12
2512,4-7
2513,6-21
2514,5-30
2515,2-3
2516,6-28
2517,1-9
2518,6-32
2519,2-6
2520,1-4
2521,6-29
2522,1-1
2523,6-13
2524,6-13
2525,4-7
2526,2-33
2527,5-35
2528,5-35
2529,1-10
2530,6-34
2531,6-13
2532,1-1
2533,1-9
2534,1-9
2535,6-13
2536,2-3
2537,1-4
2538,5-22
2539,6-15
2540,1-9
2541,5-35
2542,1-1
2543,6-8
2544,6-8
2545,1-4
2546,1-4
2547,6-8
2548,1-10
2549,1-1
2550,6-29
2551,5-22
2552,1-4
2553,1-9
2554,2-33
2555,6-21
2556,5-30
2557,2-2
2558,5-30
2559,2-6
2560,2-6
2561,1-1
2562,6-34
2563,2-6
2564,6-8
2565,2-25
2566,1-9
2567,6-8
2568,1-9
2569,2-3
2570,6-34
2571,4-7
2572,6-8
2573,1-1
2574,6-8
2575,2-6
2576,1-9
2577,1-9
2578,6-28
2579,2-3
2580,1-4
2581,1-9
2582,5-30
2583,6-8
2584,2-3
2585,1-4
2586,2-3
2587,5-22
2588,1-4
2589,1-1
2590,5-22
2591,2-6
2592,6-8
2593,2-6
2594,6-8
2595,1-9
2596,2-25
2597,6-19
2598,4-7
2599,2-33
2600,1-9
2601,2-3
2602,1-4
2603,6-15
2604,1-1
2605,5-12
2606,6-15
2607,1-1
2608,1-1
2609,6-28
2610,2-33
2611,6-34
2612,6-29
2613,1-4
2614,6-29
2615,1-4
2616,2-3
2617,1-9
2618,1-1
2619,1-10
2620,1-4
2621,1-1
2622,1-9
2623,2-3
2624,1-9
2625,2-3
2626,1-1
2627,1-1
2628,2-3
2629,2-6
2630,2-3
2631,2-6
2632,2-6
2633,2-6
2634,1-1
2635,1-10
2636,1-1
2637,2-6
2638,6-28
2639,2-6
2640,2-25
2641,6-8
2642,6-8
2643,5-30
2644,1-9
2645,4-7
2646,6-29
2647,1-9
2648,1-9
2649,2-6
2650,1-4
2651,5-30
2652,1-9
2653,6-8
2654,1-9
2655,6-8
2656,1-1
2657,2-6
2658,1-9
2659,2-6
2660,6-31
2661,6-8
2662,1-1
2663,1-1
2664,1-4
2665,1-1
2666,6-28
2667,2-3
2668,2-3
2669,1-9
2670,1-4
2671,1-1
2672,6-8
2673,2-6
2674,1-4
2675,1-9
2676,6-29
2677,2-6
2678,1-1
2679,5-35
2680,2-33
2681,1-9
2682,2-6
2683,6-8
2684,1-10
2685,1-9
2686,6-21
2687,6-34
2688,7-16
2689,1-4
2690,2-6
2691,1-10
2692,2-6
2693,6-15
2694,1-10
2695,1-1
2696,1-1
2697,2-2
2698,2-3
2699,1-4
2700,1-4
2701,2-6
2702,5-30
2703,1-9
2704,5-30
2705,2-33
2706,2-6
2707,6-13
2708,6-8
2709,1-1
2710,2-3
2711,1-1
2712,1-9
2713,5-35
2714,6-15
2715,5-22
2716,1-1
2717,1-1
2718,1-9
2719,1-1
2720,1-1
2721,1-4
2722,1-1
2723,6-32
2724,6-13
2725,1-10
2726,1-4
2727,4-7
2728,5-30
2729,6-15
2730,1-1
2731,5-30
2732,6-8
2733,5-22
2734,1-1
2735,6-28
2736,5-30
2737,2-6
2738,1-1
2739,6-19
2740,2-6
2741,1-9
2742,6-15
2743,1-1
2744,1-9
2745,9-23
2746,1-1
2747,1-4
2748,2-3
2749,2-3
2750,5-22
2751,5-30
2752,1-1
2753,2-25
2754,6-8
2755,2-3
2756,1-4
2757,1-1
2758,1-4
2759,2-25
2760,5-30
2761,5-12
2762,4-7
2763,1-1
2764,5-24
2765,2-6
2766,6-20
2767,1-4
2768,2-33
2769,1-1
2770,5-22
2771,1-10
2772,6-28
2773,6-13
2774,5-30
2775,2-6
2776,1-1
2777,2-25
2778,6-28
2779,5-30
2780,5-22
2781,1-4
2782,2-33
2783,1-9
2784,2-33
2785,6-28
2786,2-33
2787,6-32
2788,1-9
2789,1-1
2790,6-29
2791,1-4
2792,2-33
2793,2-6
2794,1-1
2795,5-30
2796,1-9
2797,6-8
2798,6-29
2799,1-1
2800,1-1
2801,1-4
2802,6-28
2803,1-4
2804,1-1
2805,2-3
2806,2-2
2807,6-28
2808,2-3
2809,1-9
2810,1-4
2811,5-35
2812,6-21
2813,1-9
2814,6-15
2815,1-1
2816,2-6
2817,2-2
2818,2-3
2819,6-8
2820,2-3
2821,2-3
2822,2-33
2823,6-8
2824,6-29
2825,1-4
2826,6-15
2827,2-3
2828,5-30
2829,1-9
2830,2-3
2831,5-35
2832,1-9
2833,1-9
2834,1-4
2835,1-9
2836,6-29
2837,1-1
2838,2-6
2839,6-21
2840,6-28
2841,1-4
2842,2-3
2843,2-3
2844,6-8
2845,1-1
2846,2-33
2847,6-8
2848,1-4
2849,5-35
2850,1-1
2851,6-15
2852,1-4
2853,2-3
2854,5-30
2855,1-4
2856,1-1
2857,1-1
2858,1-9
2859,2-6
2860,2-3
2861,9-23
2862,5-30
2863,1-9
2864,2-33
2865,6-34
2866,1-1
2867,1-1
2868,6-29
2869,5-30
2870,1-4
2871,1-9
2872,1-1
2873,5-30
2874,1-1
2875,5-30
2876,1-4
2877,2-6
2878,1-1
2879,2-6
2880,1-1
2881,6-13
2882,1-4
2883,6-34
2884,4-7
2885,2-3
2886,6-28
2887,1-1
2888,4-7
2889,6-15
2890,2-33
2891,1-1
2892,1-1
2893,1-1
2894,6-15
2895,1-4
2896,2-33
2897,2-6
2898,2-3
2899,6-15
2900,1-1
2901,5-30
2902,2-3
2903,1-1
2904,2-33
2905,5-30
2906,5-24
2907,6-29
2908,2-3
2909,1-1
2910,6-8
2911,6-15
2912,1-4
2913,1-9
2914,1-4
2915,1-1
2916,1-1
2917,5-22
2918,6-15
2919,2-6
2920,2-6
2921,1-1
2922,1-1
2923,2-33
2924,2-3
2925,1-1
2926,1-9
2927,2-3
2928,5-30
2929,6-15
2930,6-8
2931,6-15
2932,1-1
2933,5-22
2934,1-9
2935,6-29
2936,1-4
2937,1-9
2938,2-6
2939,6-8
2940,2-6
2941,1-4
2942,1-1
2943,6-15
2944,1-4
2945,6-28
2946,1-4
2947,2-6
2948,5-22
2949,2-6
2950,6-15
2951,1-9
2952,5-30
2953,1-4
2954,1-9
2955,6-29
2956,6-15
2957,4-7
2958,6-29
2959,10-26
2960,6-15
2961,2-33
2962,4-7
2963,2-6
2964,2-33
2965,6-32
2966,2-6
2967,2-6
2968,6-8
2969,1-1
2970,2-3
2971,1-1
2972,2-3
2973,6-13
2974,5-30
2975,10-26
2976,1-1
2977,5-12
2978,1-9
2979,2-3
2980,1-9
2981,2-2
2982,1-4
2983,2-33
2984,5-22
2985,5-35
2986,6-8
2987,1-1
2988,1-1
2989,1-1
2990,1-9
2991,6-15
2992,2-6
2993,6-28
2994,2-25
2995,2-6
2996,1-1
2997,1-10
2998,5-30
2999,6-28
3000,5-30
3001,2-6
3002,7-16
3003,1-4
3004,7-16
3005,1-10
3006,1-9
3007,2-3
3008,6-29
3009,4-7
3010,1-9
3011,1-1
3012,2-3
3013,6-15
3014,6-15
3015,2-6
3016,2-3
3017,1-1
3018,1-4
3019,5-30
3020,2-2
3021,2-33
3022,5-30
3023,2-3
3024,2-3
3025,5-30
3026,6-21
3027,5-30
3028,5-24
3029,2-3
3030,2-33
3031,2-6
3032,5-35
3033,1-1
3034,1-9
3035,6-15
3036,1-1
3037,6-21
3038,4-7
3039,1-9
3040,5-30
3041,5-35
3042,2-2
3043,6-8
3044,1-9
3045,6-34
3046,2-6
3047,2-6
3048,6-34
3049,2-33
3050,1-4
3051,5-30
3052,1-1
3053,2-3
3054,1-1
3055,2-33
3056,8-27
3057,1-4
3058,2-3
3059,1-1
3060,1-4
3061,2-3
3062,6-28
3063,6-8
3064,2-3
3065,1-4
3066,6-15
3067,1-9
3068,6-21
3069,6-13
3070,1-9
3071,6-13
3072,5-30
3073,6-15
3074,2-6
3075,10-26
3076,1-9
3077,5-30
3078,6-15
3079,5-30
3080,2-2
3081,5-30
3082,6-8
3083,6-15
3084,2-3
3085,2-3
3086,6-8
3087,6-15
3088,5-30
3089,1-4
3090,1-4
3091,2-6
3092,1-1
3093,2-6
3094,2-2
3095,1-1
3096,2-3
3097,2-3
3098,1-9
3099,1-9
3100,1-4
3101,2-3
3102,6-29
3103,6-8
3104,1-4
3105,2-3
3106,5-35
3107,2-2
3108,1-9
3109,2-6
3110,1-9
3111,1-1
3112,1-9
3113,6-15
3114,4-7
3115,1-1
3116,1-1
3117,1-1
3118,1-4
3119,2-3
3120,5-24
3121,6-20
3122,1-1
3123,5-30
3124,1-1
3125,5-22
3126,2-3
3127,1-1
3128,6-8
3129,6-15
3130,1-1
3131,2-6
3132,2-3
3133,6-34
3134,1-4
3135,6-19
3136,6-15
3137,1-1
3138,6-29
3139,1-4
3140,2-6
3141,5-12
3142,2-3
3143,6-34
3144,1-9
3145,1-1
3146,1-9
3147,1-1
3148,1-9
3149,1-4
3150,1-1
3151,6-8
3152,6-28
3153,2-3
3154,6-28
3155,2-25
3156,2-3
3157,1-9
3158,5-30
3159,1-1
3160,2-3
3161,5-30
3162,6-29
3163,2-3
3164,2-25
3165,6-29
3166,1-9
3167,2-33
3168,6-13
3169,2-3
3170,5-30
3171,2-25
3172,5-22
3173,2-6
3174,5-30
3175,2-33
3176,5-30
3177,1-1
3178,1-1
3179,5-30
3180,2-3
3181,5-30
3182,2-3
3183,5-30
3184,6-15
3185,1-1
3186,6-8
3187,6-8
3188,6-15
3189,2-6
3190,2-3
3191,6-8
3192,2-6
3193,2-3
3194,6-29
3195,1-4
3196,2-3
3197,2-33
3198,1-1
3199,1-4
3200,2-3
3201,2-6
3202,1-4
3203,1-4
3204,6-19
3205,5-35
3206,6-34
3207,4-7
3208,2-25
3209,2-3
3210,1-4
3211,2-33
3212,2-3
3213,2-3
3214,1-9
3215,1-4
3216,1-9
3217,2-3
3218,1-9
3219,1-9
3220,2-3
3221,9-23
3222,1-1
3223,2-33
3224,1-9
3225,1-4
3226,2-6
3227,1-4
3228,6-13
3229,1-4
3230,1-9
3231,6-13
3232,6-34
3233,1-4
3234,6-13
3235,1-9
3236,1-4
3237,1-1
3238,6-20
3239,6-15
3240,6-28
3241,2-3
3242,2-6
3243,2-6
3244,2-3
3245,6-29
3246,6-8
3247,5-22
3248,1-9
3249,4-7
3250,1-9
3251,2-3
3252,1-9
3253,1-1
3254,5-22
3255,6-15
3256,5-22
3257,1-1
3258,6-15
3259,1-9
3260,2-3
3261,6-15
3262,1-1
3263,1-1
3264,2-3
3265,5-30
3266,4-7
3267,1-9
3268,5-24
3269,2-3
3270,4-7
3271,1-4
3272,2-3
3273,6-20
3274,6-28
3275,1-4
3276,2-3
3277,1-10
3278,2-3
3279,2-3
3280,2-3
3281,5-30
3282,2-3
3283,1-9
3284,1-9
3285,1-10
3286,2-6
3287,5-30
3288,1-9
3289,1-1
3290,6-34
3291,2-3
3292,1-9
3293,1-9
3294,2-3
3295,2-25
3296,1-1
3297,1-4
3298,2-11
3299,1-4
3300,2-6
3301,1-1
3302,6-34
3303,1-1
3304,1-4
3305,2-3
3306,1-9
3307,2-6
3308,6-8
3309,1-1
3310,5-22
3311,2-6
3312,5-24
3313,6-29
3314,6-15
3315,1-1
3316,6-19
3317,2-3
3318,1-9
3319,6-21
3320,2-3
3321,5-30
3322,1-4
3323,5-30
3324,6-28
3325,6-34
3326,1-1
3327,5-22
3328,1-1
3329,2-25
3330,2-6
3331,2-3
3332,2-2
3333,6-8
3334,1-1
3335,5-22
3336,5-24
3337,6-15
3338,10-26
3339,1-4
3340,1-10
3341,1-9
3342,6-21
3343,2-3
3344,2-6
3345,2-33
3346,1-9
3347,5-30
3348,2-2
3349,1-1
3350,5-30
3351,6-8
3352,6-8
3353,6-34
3354,6-29
3355,1-9
3356,5-30
3357,9-23
3358,5-30
3359,5-30
3360,2-3
3361,2-14
3362,1-4
3363,1-4
3364,6-34
3365,2-6
3366,1-1
3367,4-7
3368,1-9
3369,2-33
3370,1-9
3371,2-3
3372,6-34
3373,1-1
3374,5-35
3375,1-1
3376,1-4
3377,5-30
3378,1-4
3379,5-30
3380,1-1
3381,1-1
3382,2-3
3383,2-25
3384,2-11
3385,2-6
3386,6-15
3387,2-3
3388,2-25
3389,6-34
3390,4-7
3391,1-1
3392,2-2
3393,1-1
3394,1-1
3395,6-15
3396,1-1
3397,5-30
3398,2-2
3399,2-33
3400,6-34
3401,1-1
3402,2-3
3403,1-9
3404,2-25
3405,2-6
3406,1-1
3407,2-6
3408,1-1
3409,1-9
3410,5-35
3411,6-21
3412,6-15
3413,2-25
3414,1-9
3415,1-9
3416,1-10
3417,1-10
3418,2-3
3419,2-3
3420,2-3
3421,1-4
3422,2-6
3423,2-3
3424,1-9
3425,5-12
3426,1-1
3427,6-15
3428,6-21
3429,5-35
3430,6-15
3431,2-3
3432,6-8
3433,1-9
3434,5-30
3435,6-29
3436,1-9
3437,1-9
3438,1-4
3439,6-15
3440,6-29
3441,1-1
3442,1-1
3443,5-35
3444,5-35
3445,1-1
3446,2-33
3447,6-8
3448,6-31
3449,1-9
3450,2-6
3451,5-22
3452,2-2
3453,2-6
3454,2-3
3455,2-2
3456,2-3
3457,1-1
3458,5-24
3459,1-4
3460,1-10
3461,6-29
3462,6-8
3463,2-33
3464,2-3
3465,1-9
3466,2-6
3467,6-34
3468,2-33
3469,6-28
3470,2-3
3471,6-21
3472,2-6
3473,1-4
3474,1-9
3475,2-6
3476,5-35
3477,2-3
3478,1-4
3479,1-4
3480,2-6
3481,2-33
3482,2-3
3483,5-35
3484,2-2
3485,5-30
3486,1-4
3487,2-6
3488,1-4
3489,2-6
3490,1-9
3491,2-33
3492,5-24
3493,1-9
3494,2-3
3495,1-9
3496,1-1
3497,1-1
3498,1-4
3499,1-4
3500,1-1
3501,2-2
3502,1-9
3503,2-6
3504,2-3
3505,1-9
3506,1-1
3507,2-6
3508,4-7
3509,1-1
3510,2-33
3511,6-28
3512,6-8
3513,2-3
3514,6-15
3515,1-4
3516,1-4
3517,6-8
3518,1-1
3519,1-1
3520,1-9
3521,1-9
3522,1-1
3523,2-3
3524,2-6
3525,1-9
3526,1-1
3527,4-7
3528,5-35
3529,1-4
3530,1-4
3531,6-15
3532,6-13
3533,6-15
3534,5-22
3535,1-4
3536,1-9
3537,5-24
3538,1-1
3539,1-1
3540,2-3
3541,1-1
3542,1-1
3543,2-33
3544,1-4
3545,6-8
3546,4-7
3547,6-28
3548,1-1
3549,1-9
3550,2-6
3551,1-9
3552,6-8
3553,1-1
3554,2-6
3555,4-7
3556,2-3
3557,2-2
3558,1-1
3559,1-9
3560,6-34
3561,6-8
3562,7-16
3563,1-9
3564,1-1
3565,1-4
3566,6-15
3567,1-1
3568,6-29
3569,6-8
3570,5-35
3571,2-3
3572,1-4
3573,1-4
3574,5-30
3575,5-22
3576,2-3
3577,2-3
3578,6-15
3579,1-9
3580,5-35
3581,1-9
3582,2-6
3583,1-4
3584,6-8
3585,2-33
3586,5-30
3587,4-7
3588,2-6
3589,2-3
3590,1-4
3591,6-15
3592,6-28
3593,6-34
3594,1-9
3595,6-15
3596,1-9
3597,1-4
3598,4-7
3599,5-30
3600,6-34
3601,5-35
3602,10-26
3603,6-34
3604,1-4
3605,2-6
3606,2-33
3607,1-1
3608,5-35
3609,7-16
3610,1-4
3611,5-35
3612,6-8
3613,5-30
3614,2-33
3615,5-22
3616,1-1
3617,1-1
3618,1-1
3619,6-29
3620,2-25
3621,5-30
3622,6-28
3623,1-1
3624,1-4
3625,1-4
3626,1-1
3627,1-9
3628,5-30
3629,6-15
3630,1-4
3631,2-33
3632,2-3
3633,2-6
3634,1-1
3635,1-1
3636,6-15
3637,2-3
3638,5-30
3639,2-25
3640,1-1
3641,1-1
3642,6-29
3643,2-2
3644,1-1
3645,5-30
3646,1-9
3647,1-1
3648,2-6
3649,1-9
3650,1-9
3651,5-30
3652,1-9
3653,2-33
3654,6-8
3655,1-4
3656,2-6
3657,9-23
3658,6-13
3659,1-4
3660,2-6
3661,1-9
3662,1-1
3663,2-6
3664,1-9
3665,1-4
3666,1-1
3667,1-4
3668,6-8
3669,4-7
3670,2-25
3671,7-16
3672,1-1
3673,6-8
3674,6-31
3675,6-28
3676,6-15
3677,1-9
3678,6-29
3679,6-13
3680,6-21
3681,2-2
3682,5-30
3683,5-30
3684,6-8
3685,1-1
3686,2-3
3687,1-4
3688,6-34
3689,2-6
3690,5-24
3691,7-16
3692,1-1
3693,5-30
3694,1-4
3695,1-1
3696,1-9
3697,5-30
3698,1-4
3699,6-29
3700,2-3
3701,1-4
3702,1-4
3703,1-4
3704,1-4
3705,2-3
3706,6-29
3707,5-30
3708,1-9
3709,6-15
3710,5-30
3711,5-22
3712,1-1
3713,2-33
3714,5-35
3715,6-15
3716,2-6
3717,1-10
3718,5-30
3719,1-9
3720,1-4
3721,1-9
3722,1-1
3723,5-30
3724,1-1
3725,1-9
3726,6-8
3727,2-2
3728,4-7
3729,6-34
3730,1-1
3731,5-30
3732,6-15
3733,6-13
3734,2-3
3735,2-3
3736,5-30
3737,6-29
3738,1-9
3739,2-33
3740,5-30
3741,6-15
3742,1-1
3743,2-6
3744,5-30
3745,2-2
3746,1-4
3747,1-1
3748,1-9
3749,5-30
3750,2-6
3751,1-1
3752,2-3
3753,5-22
3754,2-33
3755,2-2
3756,2-33
3757,2-3
3758,6-28
3759,1-9
3760,6-29
3761,6-34
3762,4-7
3763,1-1
3764,1-1
3765,1-1
3766,1-4
3767,2-6
3768,1-1
3769,1-9
3770,1-1
3771,1-9
3772,1-9
3773,5-30
3774,2-33
3775,5-22
3776,6-8
3777,6-8
3778,2-3
3779,1-1
3780,6-15
3781,6-29
3782,5-35
3783,2-6
3784,2-33
3785,2-25
3786,5-30
3787,6-29
3788,1-9
3789,1-1
3790,5-30
3791,6-29
3792,2-3
3793,6-8
3794,1-9
3795,5-22
3796,2-6
3797,1-9
3798,5-30
3799,2-3
3800,2-2
3801,1-9
3802,1-4
3803,1-9
3804,2-3
3805,6-29
3806,1-9
3807,2-6
3808,2-33
3809,1-4
3810,1-9
3811,1-4
3812,9-23
3813,1-1
3814,1-4
3815,1-1
3816,6-8
3817,5-30
3818,5-22
3819,5-30
3820,6-31
3821,2-6
3822,1-9
3823,6-29
3824,6-15
3825,2-3
3826,1-1
3827,4-7
3828,1-9
3829,1-4
3830,5-22
3831,2-3
3832,2-3
3833,6-15
3834,5-30
3835,1-4
3836,6-8
3837,1-9
3838,2-6
3839,1-1
3840,5-30
3841,5-35
3842,6-13
3843,1-9
3844,2-3
3845,6-21
3846,6-15
3847,6-8
3848,1-10
3849,2-3
3850,1-4
3851,2-33
3852,1-4
3853,1-4
3854,2-3
3855,6-15
3856,1-1
3857,6-13
3858,4-7
3859,2-6
3860,1-4
3861,6-29
3862,1-4
3863,1-1
3864,2-3
3865,1-1
3866,2-14
3867,6-29
3868,1-1
3869,1-9
3870,1-4
3871,5-30
3872,1-4
3873,1-1
3874,5-30
3875,2-2
3876,1-1
3877,5-30
3878,2-3
3879,6-15
3880,7-16
3881,5-30
3882,2-3
3883,5-30
3884,6-29
3885,1-1
3886,1-4
3887,1-4
3888,6-13
3889,5-30
3890,6-15
3891,1-1
3892,1-4
3893,1-10
3894,1-4
3895,2-6
3896,2-3
3897,5-30
3898,5-30
3899,2-33
3900,1-9
3901,2-3
3902,1-1
3903,2-6
3904,1-1
3905,2-3
3906,2-3
3907,1-4
3908,6-28
3909,5-30
3910,1-4
3911,6-29
3912,1-4
3913,1-4
3914,5-35
3915,1-1
3916,1-1
3917,5-30
3918,1-9
3919,1-4
3920,1-9
3921,5-30
3922,2-33
3923,2-6
3924,2-33
3925,6-15
3926,1-1
3927,6-15
3928,6-28
3929,1-1
3930,6-8
3931,1-1
3932,2-3
3933,5-30
3934,1-1
3935,5-22
3936,5-30
3937,1-9
3938,1-9
3939,2-33
3940,6-29
3941,2-3
3942,5-35
3943,1-4
3944,6-21
3945,6-29
3946,6-28
3947,6-28
3948,1-4
3949,1-1
3950,2-3
3951,2-6
3952,1-1
3953,5-30
3954,6-28
3955,1-4
3956,1-1
3957,1-9
3958,1-1
3959,1-9
3960,1-9
3961,5-30
3962,1-4
3963,2-3
3964,5-30
3965,6-8
3966,6-8
3967,2-33
3968,2-33
3969,1-9
3970,2-3
3971,6-28
3972,1-4
3973,2-3
3974,1-4
3975,2-3
3976,2-3
3977,1-1
3978,2-3
3979,5-30
3980,5-35
3981,2-6
3982,2-2
3983,6-34
3984,4-7
3985,1-4
3986,1-9
3987,5-22
3988,1-4
3989,1-1
3990,1-1
3991,5-22
3992,1-4
3993,2-3
3994,5-30
3995,1-9
3996,6-15
3997,6-34
3998,2-11
3999,1-1
4000,2-3
4001,1-1
4002,1-9
4003,6-15
4004,6-8
4005,6-19
4006,2-2
4007,2-25
4008,1-1
4009,4-7
4010,1-1
4011,2-3
4012,1-9
4013,6-29
4014,2-3
4015,2-3
4016,1-4
4017,6-13
4018,6-15
4019,5-30
4020,2-6
4021,1-1
4022,5-30
4023,6-34
4024,2-3
4025,5-30
4026,1-9
4027,1-1
4028,2-25
4029,1-1
4030,6-15
4031,2-3
4032,6-15
4033,6-15
4034,5-30
4035,1-9
4036,5-22
4037,1-1
4038,6-13
4039,6-21
4040,5-30
4041,2-3
4042,6-19
4043,6-29
4044,1-4
4045,6-34
4046,1-1
4047,2-2
4048,1-1
4049,1-9
4050,1-4
4051,1-9
4052,2-25
4053,6-28
4054,5-22
4055,2-33
4056,5-35
4057,2-6
4058,5-30
4059,6-8
4060,1-1
4061,6-29
4062,1-1
4063,2-3
4064,2-3
4065,5-22
4066,1-9
4067,1-1
4068,6-28
4069,6-32
4070,6-8
4071,5-22
4072,1-1
4073,6-29
4074,2-33
4075,1-4
4076,1-1
4077,2-3
4078,2-3
4079,2-6
4080,1-4
4081,2-6
4082,6-34
4083,1-4
4084,1-1
4085,5-22
4086,1-4
4087,5-30
4088,6-15
4089,1-1
4090,5-30
4091,1-9
4092,4-7
4093,1-1
4094,2-25
4095,2-6
4096,5-35
4097,1-9
4098,2-14
4099,1-1
4100,2-6
4101,1-9
4102,2-3
4103,2-6
4104,8-27
4105,2-3
4106,1-1
4107,6-8
4108,2-25
4109,6-8
4110,1-9
4111,1-1
4112,2-3
4113,1-9
4114,2-33
4115,5-30
4116,1-9
4117,2-6
4118,5-35
4119,2-2
4120,6-8
4121,6-32
4122,2-6
4123,1-9
4124,5-30
4125,1-9
4126,2-25
4127,5-22
4128,6-20
4129,6-8
4130,6-28
4131,5-30
4132,1-4
4133,1-9
4134,6-29
4135,1-9
4136,1-1
4137,1-4
4138,1-1
4139,6-8
4140,1-9
4141,6-28
4142,1-1
4143,5-30
4144,1-9
4145,6-15
4146,6-29
4147,1-1
4148,1-9
4149,6-34
4150,5-22
4151,2-3
4152,1-1
4153,1-9
4154,6-8
4155,6-28
4156,1-1
4157,6-15
4158,5-30
4159,2-6
4160,5-30
4161,2-3
4162,2-3
4163,2-6
4164,1-10
4165,5-30
4166,5-30
4167,1-1
4168,6-15
4169,6-15
4170,6-8
4171,2-33
4172,2-3
4173,1-1
4174,1-9
4175,5-30
4176,1-1
4177,2-6
4178,2-6
4179,2-6
4180,1-1
4181,1-1
4182,1-1
4183,2-3
4184,2-3
4185,6-15
4186,1-1
4187,6-13
4188,5-35
4189,1-1
4190,2-3
4191,1-10
4192,1-9
4193,6-8
4194,5-35
4195,1-1
4196,2-6
4197,1-1
4198,1-1
4199,1-1
4200,1-1
4201,10-26
4202,2-3
4203,1-9
4204,1-9
4205,4-7
4206,1-1
4207,1-9
4208,1-4
4209,6-34
4210,6-15
4211,2-3
4212,1-9
4213,1-9
4214,2-33
4215,2-3
4216,1-9
4217,1-1
4218,1-1
4219,2-6
4220,2-3
4221,2-3
4222,5-22
4223,6-29
4224,2-3
4225,1-9
4226,1-1
4227,1-1
4228,2-6
4229,2-25
4230,10-26
4231,1-1
4232,1-10
4233,6-8
4234,1-1
4235,6-15
4236,2-25
4237,6-8
4238,6-15
4239,6-32
4240,6-28
4241,2-6
4242,2-2
4243,1-9
4244,1-9
4245,5-30
4246,5-30
4247,1-9
4248,5-30
4249,2-25
4250,1-9
4251,6-29
4252,1-4
4253,6-21
4254,5-30
4255,2-3
4256,1-4
4257,1-1
4258,5-30
4259,2-3
4260,5-30
4261,6-21
4262,6-28
4263,1-4
4264,2-3
4265,1-1
4266,5-30
4267,5-30
4268,6-15
4269,4-7
4270,6-15
4271,1-1
4272,2-3
4273,1-9
4274,6-34
4275,4-7
4276,2-11
4277,6-29
4278,2-3
4279,6-34
4280,6-13
4281,1-1
4282,2-3
4283,1-1
4284,2-3
4285,6-34
4286,2-33
4287,5-30
4288,1-1
4289,1-4
4290,2-2
4291,2-3
4292,6-29
4293,10-26
4294,1-9
4295,1-9
4296,2-6
4297,2-33
4298,9-23
4299,2-3
4300,4-7
4301,5-30
4302,6-28
4303,2-33
4304,2-3
4305,6-29
4306,1-9
4307,1-4
4308,6-19
4309,1-1
4310,5-30
4311,1-4
4312,2-2
4313,1-1
4314,1-4
4315,1-9
4316,2-6
4317,6-29
4318,1-1
4319,1-1
4320,2-6
4321,2-33
4322,6-31
4323,1-4
4324,6-15
4325,1-1
4326,10-26
4327,1-9
4328,6-34
4329,1-9
4330,2-3
4331,2-6
4332,2-6
4333,5-22
4334,2-3
4335,6-29
4336,2-33
4337,1-1
4338,1-9
4339,5-30
4340,2-3
4341,2-33
4342,1-1
4343,1-4
4344,5-30
4345,5-30
4346,1-9
4347,2-6
4348,6-34
4349,1-1
4350,1-4
4351,1-1
4352,2-2
4353,2-3
4354,1-4
4355,2-6
4356,5-30
4357,1-9
4358,6-29
4359,1-9
4360,10-26
4361,6-29
4362,1-1
4363,1-1
4364,1-1
4365,6-15
4366,4-7
4367,1-1
4368,2-3
4369,2-33
4370,1-1
4371,1-1
4372,2-2
4373,2-2
4374,1-1
4375,5-24
4376,1-9
4377,1-1
4378,1-4
4379,5-30
4380,2-33
4381,5-22
4382,6-15
4383,5-30
4384,6-8
4385,2-3
4386,2-6
4387,1-1
4388,1-1
4389,2-6
4390,2-25
4391,1-4
4392,6-8
4393,2-14
4394,1-9
4395,5-30
4396,6-13
4397,5-24
4398,1-4
4399,1-1
4400,5-30
4401,2-6
4402,2-11
4403,2-3
4404,1-4
4405,1-9
4406,1-9
4407,6-34
4408,2-6
4409,2-2
4410,2-2
4411,1-9
4412,2-6
4413,1-10
4414,5-30
4415,1-4
4416,1-9
4417,2-25
4418,1-4
4419,2-3
4420,5-24
4421,1-9
4422,6-8
4423,1-1
4424,1-1
4425,1-9
4426,1-9
4427,1-4
4428,2-2
4429,1-1
4430,1-4
4431,6-29
4432,1-1
4433,6-34
4434,6-21
4435,2-3
4436,2-33
4437,6-8
4438,2-3
4439,6-29
4440,6-19
4441,6-15
4442,6-15
4443,1-4
4444,1-4
4445,1-1
4446,1-9
4447,1-9
4448,1-9
4449,1-1
4450,2-33
4451,9-23
4452,2-3
4453,2-14
4454,1-9
4455,1-4
4456,4-7
4457,2-3
4458,6-34
4459,1-1
4460,5-30
4461,1-10
4462,2-6
4463,4-7
4464,1-9
4465,6-32
4466,6-29
4467,5-30
4468,5-30
4469,6-28
4470,6-19
4471,6-15
4472,6-8
4473,1-9
4474,2-2
4475,5-30
4476,2-3
4477,1-4
4478,1-9
4479,1-9
4480,2-3
4481,2-3
4482,1-9
4483,2-2
4484,1-1
4485,1-1
4486,2-33
4487,2-3
4488,5-30
4489,5-35
4490,6-15
4491,1-9
4492,6-15
4493,2-3
4494,6-20
4495,1-1
4496,5-30
4497,6-28
4498,1-1
4499,1-4
4500,5-35
4501,6-32
4502,5-22
4503,5-30
4504,1-4
4505,6-34
4506,2-6
4507,1-1
4508,2-33
4509,1-1
4510,5-12
4511,6-19
4512,6-34
4513,6-8
4514,6-8
4515,1-4
4516,1-1
4517,1-1
4518,1-9
4519,6-21
4520,1-1
4521,6-34
4522,2-2
4523,1-4
4524,6-8
4525,6-28
4526,2-3
4527,1-4
4528,5-30
4529,1-1
4530,1-1
4531,5-30
4532,1-4
4533,2-6
4534,1-4
4535,1-9
4536,1-9
4537,4-7
4538,6-13
4539,6-19
4540,2-3
4541,2-2
4542,1-9
4543,2-3
4544,5-30
4545,5-22
4546,2-3
4547,5-30
4548,1-1
4549,2-2
4550,2-3
4551,2-3
4552,1-1
4553,2-3
4554,5-30
4555,6-8
4556,1-4
4557,2-6
4558,1-9
4559,6-21
4560,1-1
4561,1-4
4562,5-35
4563,1-1
4564,2-6
4565,4-7
4566,1-9
4567,6-29
4568,4-7
4569,1-9
4570,6-21
4571,1-4
4572,1-4
4573,5-30
4574,1-1
4575,5-30
4576,2-33
4577,1-9
4578,1-4
4579,2-3
4580,2-33
4581,1-4
4582,5-35
4583,6-8
4584,1-4
4585,1-9
4586,2-6
4587,2-3
4588,1-4
4589,4-7
4590,6-15
4591,4-7
4592,6-34
4593,6-15
4594,1-9
4595,6-32
4596,6-13
4597,2-3
4598,2-6
4599,6-8
4600,1-1
4601,1-9
4602,2-3
4603,6-34
4604,2-3
4605,1-9
4606,5-30
4607,1-1
4608,4-7
4609,1-1
4610,2-3
4611,6-29
4612,1-4
4613,2-3
4614,2-2
4615,6-15
4616,5-30
4617,6-8
4618,2-3
4619,6-34
4620,1-9
4621,6-8
4622,5-35
4623,2-6
4624,1-10
4625,2-3
4626,2-3
4627,1-1
4628,2-3
4629,1-1
4630,1-9
4631,2-3
4632,1-1
4633,2-6
4634,1-4
4635,2-6
4636,5-22
4637,1-1
4638,5-35
4639,2-6
4640,1-4
4641,1-1
4642,1-9
4643,1-4
4644,1-4
4645,1-4
4646,6-8
4647,2-11
4648,1-4
4649,9-23
4650,2-33
4651,1-9
4652,1-4
4653,1-1
4654,1-1
4655,6-8
4656,2-33
4657,4-7
4658,1-1
4659,5-30
4660,1-1
4661,1-9
4662,5-30
4663,2-33
4664,2-3
4665,1-9
4666,1-1
4667,9-23
4668,5-22
4669,2-6
4670,1-10
4671,1-9
4672,1-1
4673,2-3
4674,5-30
4675,2-3
4676,1-1
4677,1-4
4678,1-1
4679,2-3
4680,5-30
4681,2-3
4682,6-21
4683,5-22
4684,2-25
4685,5-30
4686,1-1
4687,1-4
4688,1-1
4689,2-33
4690,1-9
4691,5-30
4692,5-22
4693,1-1
4694,2-6
4695,6-8
4696,2-2
4697,1-10
4698,2-6
4699,6-28
4700,2-33
4701,2-6
4702,1-10
4703,1-4
4704,2-33
4705,2-3
4706,2-3
4707,2-3
4708,1-9
4709,1-1
4710,2-3
4711,2-11
4712,5-30
4713,1-1
4714,1-1
4715,2-14
4716,2-3
4717,5-30
4718,2-6
4719,2-33
4720,1-9
4721,6-8
4722,1-9
4723,2-33
4724,2-6
4725,1-9
4726,1-9
4727,5-30
4728,2-3
4729,1-9
4730,2-2
4731,1-4
4732,1-9
4733,2-25
4734,2-3
4735,1-1
4736,5-30
4737,6-28
4738,2-6
4739,6-28
4740,6-8
4741,2-3
4742,1-9
4743,6-15
4744,2-3
4745,1-1
4746,1-1
4747,1-1
4748,2-6
4749,1-1
4750,1-4
4751,5-35
4752,1-9
4753,1-1
4754,6-29
4755,1-1
4756,6-29
4757,6-15
4758,1-9
4759,6-8
4760,6-15
4761,1-4
4762,5-30
4763,4-7
4764,2-3
4765,1-1
4766,1-1
4767,1-9
4768,2-6
4769,5-35
4770,1-1
4771,1-10
4772,6-8
4773,2-3
4774,1-9
4775,2-6
4776,1-1
4777,2-3
4778,1-9
4779,6-15
4780,1-1
4781,5-30
4782,1-4
4783,2-3
4784,4-7
4785,2-3
4786,5-35
4787,1-4
4788,1-9
4789,2-33
4790,1-9
4791,6-15
4792,1-9
4793,2-3
4794,6-15
4795,1-1
4796,1-1
4797,1-1
4798,6-28
4799,1-1
4800,1-1
4801,6-28
4802,5-30
4803,1-1
4804,6-15
4805,1-9
4806,5-30
4807,6-8
4808,2-3
4809,1-9
4810,6-15
4811,2-6
4812,6-15
4813,2-3
4814,6-8
4815,2-3
4816,5-30
4817,2-3
4818,6-13
4819,1-1
4820,1-4
4821,1-4
4822,6-15
4823,1-9
4824,2-3
4825,2-6
4826,1-1
4827,1-1
4828,1-9
4829,6-34
4830,1-4
4831,2-2
4832,1-9
4833,2-6
4834,6-29
4835,1-9
4836,2-2
4837,1-1
4838,2-6
4839,1-4
4840,5-24
4841,2-3
4842,6-13
4843,5-30
4844,2-3
4845,5-35
4846,2-25
4847,2-3
4848,1-1
4849,6-29
4850,1-9
4851,9-23
4852,1-9
4853,1-9
4854,2-6
4855,5-35
4856,1-1
4857,1-9
4858,6-15
4859,2-3
4860,2-3
4861,7-16
4862,2-6
4863,5-35
4864,1-1
4865,1-4
4866,5-30
4867,1-9
4868,2-6
4869,2-33
4870,5-22
4871,1-1
4872,5-22
4873,1-1
4874,1-10
4875,1-1
4876,6-29
4877,1-9
4878,5-35
4879,6-34
4880,2-6
4881,1-4
4882,2-6
4883,2-6
4884,5-24
4885,2-33
4886,1-9
4887,6-28
4888,1-1
4889,2-6
4890,1-1
4891,1-9
4892,5-30
4893,1-9
4894,2-3
4895,5-30
4896,6-15
4897,2-6
4898,1-1
4899,1-9
4900,2-25
4901,2-6
4902,2-33
4903,6-34
4904,6-29
4905,5-22
4906,1-9
4907,6-8
4908,4-7
4909,1-1
4910,2-3
4911,2-6
4912,2-6
4913,6-13
4914,1-9
4915,2-3
4916,2-3
4917,1-4
4918,1-1
4919,1-4
4920,6-15
4921,5-30
4922,2-3
4923,5-22
4924,2-6
4925,2-2
4926,5-30
4927,1-1
4928,2-3
4929,2-3
4930,2-2
4931,4-7
4932,6-15
4933,2-6
4934,2-3
4935,6-28
4936,2-3
4937,2-3
4938,1-4
4939,1-9
4940,1-10
4941,2-3
4942,1-4
4943,6-15
4944,2-2
4945,2-3
4946,2-3
4947,1-4
4948,2-6
4949,1-4
4950,1-9
4951,6-8
4952,1-1
4953,1-9
4954,5-30
4955,1-1
4956,2-6
4957,6-32
4958,2-3
4959,2-2
4960,1-9
4961,6-34
4962,2-6
4963,1-1
4964,6-13
4965,1-9
4966,2-6
4967,2-3
4968,5-22
4969,1-4
4970,2-6
4971,2-33
4972,1-1
4973,5-30
4974,1-9
4975,6-15
4976,6-32
4977,5-30
4978,1-10
4979,2-33
4980,2-3
4981,1-9
4982,6-15
4983,6-8
4984,5-30
4985,1-1
4986,1-1
4987,1-9
4988,2-3
4989,2-33
4990,6-15
4991,2-33
4992,10-26
4993,2-33
4994,1-4
4995,6-8
4996,1-4
4997,2-3
4998,6-8
4999,1-1
5000,1-1
5001,2-3
5002,5-30
5003,2-11
5004,1-4
5005,1-1
5006,5-22
5007,6-34
5008,1-1
5009,6-15
5010,2-6
5011,6-29
5012,6-34
5013,1-9
5014,4-7
5015,6-19
5016,1-1
5017,5-35
5018,1-4
5019,2-3
5020,1-1
5021,6-21
5022,1-1
5023,6-29
5024,2-6
5025,1-1
5026,2-33
5027,1-1
5028,6-28
5029,6-8
5030,2-33
5031,6-20
5032,1-1
5033,2-6
5034,6-8
5035,6-15
5036,2-3
5037,6-31
5038,6-15
5039,5-22
5040,1-1
5041,1-1
5042,1-9
5043,1-4
5044,1-1
5045,5-30
5046,1-1
5047,2-3
5048,2-6
5049,5-30
5050,2-2
5051,1-4
5052,1-9
5053,1-1
5054,2-2
5055,2-3
5056,1-1
5057,1-9
5058,6-34
5059,1-10
5060,4-7
5061,1-9
5062,2-6
5063,1-4
5064,1-1
5065,6-21
5066,1-4
5067,4-7
5068,6-15
5069,1-1
5070,1-4
5071,1-1
5072,1-4
5073,6-29
5074,4-7
5075,1-4
5076,6-8
5077,2-6
5078,2-6
5079,2-3
5080,6-8
5081,5-30
5082,1-1
5083,2-2
5084,6-15
5085,6-29
5086,1-4
5087,6-34
5088,2-3
5089,6-34
5090,2-33
5091,5-30
5092,1-1
5093,6-15
5094,6-34
5095,6-34
5096,6-15
5097,4-7
5098,6-8
5099,2-3
5100,2-3
5101,1-1
5102,1-1
5103,1-1
5104,2-3
5105,2-33
5106,1-9
5107,1-9
5108,5-22
5109,2-33
5110,6-8
5111,6-29
5112,6-8
5113,2-3
5114,1-1
5115,5-30
5116,2-33
5117,1-4
5118,2-6
5119,2-3
5120,6-34
5121,2-2
5122,1-1
5123,6-8
5124,1-1
5125,1-9
5126,6-29
5127,2-3
5128,2-3
5129,9-23
5130,2-3
5131,5-30
5132,5-30
5133,2-2
5134,5-30
5135,2-3
5136,6-19
5137,1-9
5138,1-9
5139,5-12
5140,2-3
5141,6-32
5142,1-9
5143,2-3
5144,6-34
5145,6-8
5146,1-1
5147,2-25
5148,1-1
5149,2-3
5150,6-13
5151,5-24
5152,2-3
5153,2-3
5154,6-15
5155,6-21
5156,6-8
5157,2-6
5158,1-9
5159,1-4
5160,1-1
5161,1-4
5162,2-6
5163,6-8
5164,6-8
5165,2-33
5166,5-30
5167,2-33
5168,6-13
5169,1-4
5170,1-4
5171,6-15
5172,2-3
5173,1-1
5174,6-32
5175,2-25
5176,5-30
5177,1-1
5178,5-30
5179,5-35
5180,1-4
5181,6-15
5182,1-9
5183,2-6
5184,6-34
5185,1-1
5186,2-3
5187,6-8
5188,6-8
5189,5-30
5190,5-30
5191,5-22
5192,1-1
5193,5-30
5194,6-15
5195,6-8
5196,4-7
5197,6-32
5198,9-23
5199,6-32
5200,6-28
5201,5-35
5202,5-30
5203,4-7
5204,2-6
5205,6-34
5206,4-7
5207,6-13
5208,1-1
5209,5-30
5210,6-29
5211,5-22
5212,2-6
5213,2-2
5214,1-4
5215,1-9
5216,5-30
5217,2-6
5218,1-4
5219,6-15
5220,1-4
5221,1-4
5222,6-8
5223,2-25
5224,2-33
5225,6-29
5226,6-15
5227,5-30
5228,5-30
5229,2-25
5230,2-25
5231,1-9
5232,6-15
5233,5-30
5234,6-15
5235,2-6
5236,5-30
5237,1-4
5238,1-1
5239,5-22
5240,6-15
5241,6-13
5242,4-7
5243,1-4
5244,5-30
5245,1-4
5246,5-22
5247,6-8
5248,1-4
5249,1-9
5250,5-35
5251,5-30
5252,6-8
5253,1-1
5254,2-3
5255,2-2
5256,6-8
5257,1-1
5258,5-30
5259,1-10
5260,2-6
5261,2-33
5262,1-9
5263,6-34
5264,1-1
5265,2-6
5266,5-30
5267,5-30
5268,1-4
5269,6-15
5270,5-30
5271,6-31
5272,2-3
5273,2-6
5274,2-3
5275,2-6
5276,1-4
5277,1-1
5278,1-1
5279,6-20
5280,1-1
5281,6-15
5282,1-1
5283,5-30
5284,6-28
5285,1-4
5286,2-2
5287,4-7
5288,1-4
5289,1-1
5290,4-7
5291,1-1
5292,6-15
5293,2-33
5294,5-30
5295,2-6
5296,4-7
5297,2-3
5298,2-25
5299,2-2
5300,6-34
5301,6-21
5302,5-30
5303,6-8
5304,2-3
5305,1-9
5306,1-1
5307,7-16
5308,1-4
5309,1-4
5310,1-1
5311,6-15
5312,6-15
5313,4-7
5314,2-3
5315,2-3
5316,2-3
5317,2-3
5318,2-3
5319,2-3
5320,2-6
5321,5-30
5322,1-1
5323,2-6
5324,2-3
5325,6-34
5326,6-28
5327,1-4
5328,2-2
5329,1-1
5330,2-33
5331,1-1
5332,6-8
5333,2-6
5334,6-29
5335,2-33
5336,2-3
5337,5-12
5338,6-28
5339,6-21
5340,2-3
5341,1-1
5342,6-28
5343,1-1
5344,1-4
5345,2-6
5346,2-3
5347,2-3
5348,1-1
5349,2-6
5350,2-3
5351,6-8
5352,2-2
5353,2-3
5354,2-6
5355,1-1
5356,2-33
5357,6-34
5358,1-4
5359,1-4
5360,1-4
5361,6-13
5362,2-2
5363,1-1
5364,2-33
5365,6-34
5366,2-6
5367,2-2
5368,5-30
5369,6-29
5370,6-15
5371,6-20
5372,5-30
5373,1-9
5374,2-6
5375,2-6
5376,1-4
5377,1-4
5378,4-7
5379,1-1
5380,2-6
5381,1-4
5382,1-9
5383,2-6
5384,1-4
5385,6-8
5386,2-2
5387,5-30
5388,6-29
5389,2-3
5390,2-3
5391,2-6
5392,2-6
5393,6-15
5394,6-29
5395,6-8
5396,5-30
5397,6-29
5398,6-15
5399,2-25
5400,2-6
5401,6-15
5402,2-3
5403,2-6
5404,6-15
5405,6-21
5406,1-1
5407,1-4
5408,5-22
5409,5-22
5410,5-22
5411,6-15
5412,4-7
5413,6-34
5414,5-30
5415,2-6
5416,5-35
5417,1-1
5418,5-30
5419,2-3
5420,5-30
5421,6-15
5422,5-35
5423,1-4
5424,1-9
5425,1-1
5426,5-30
5427,2-33
5428,1-1
5429,1-4
5430,4-7
5431,5-30
5432,2-3
5433,2-3
5434,2-2
5435,2-3
5436,1-4
5437,6-29
5438,1-9
5439,2-33
5440,5-22
5441,1-1
5442,6-8
5443,1-9
5444,2-33
5445,2-3
5446,1-4
5447,2-3
5448,4-7
5449,6-8
5450,6-28
5451,2-3
5452,6-34
5453,6-28
5454,1-1
5455,5-22
5456,1-1
5457,6-29
5458,6-34
5459,6-15
5460,2-3
5461,1-1
5462,6-8
5463,2-3
5464,6-13
5465,1-1
5466,1-4
5467,2-6
5468,5-35
5469,4-7
5470,5-22
5471,2-6
5472,5-30
5473,6-29
5474,5-30
5475,6-28
5476,1-1
5477,6-15
5478,1-1
5479,6-21
5480,5-35
5481,2-33
5482,1-9
5483,6-21
5484,2-3
5485,2-3
5486,6-29
5487,5-30
5488,6-19
5489,2-3
5490,5-24
5491,1-1
5492,1-9
5493,4-7
5494,6-34
5495,1-9
5496,6-21
5497,2-2
5498,5-30
5499,2-3
5500,1-1
5501,6-34
5502,2-6
5503,6-15
5504,9-23
5505,1-1
5506,2-6
5507,2-6
5508,1-9
5509,1-9
5510,2-2
5511,2-17
5512,6-20
5513,6-21
5514,2-33
5515,6-15
5516,1-9
5517,5-30
5518,2-2
5519,2-6
5520,2-3
5521,6-28
5522,2-6
5523,6-19
5524,2-3
5525,6-8
5526,2-33
5527,1-9
5528,2-3
5529,6-15
5530,6-34
5531,2-3
5532,1-4
5533,2-6
5534,6-28
5535,2-33
5536,2-33
5537,2-33
5538,6-32
5539,6-8
5540,5-30
5541,1-1
5542,1-1
5543,2-3
5544,4-7
5545,6-8
5546,5-35
5547,1-1
5548,2-3
5549,8-18
5550,2-3
5551,1-9
5552,1-1
5553,2-3
5554,1-4
5555,5-35
5556,2-14
5557,2-3
5558,2-3
5559,1-4
5560,2-3
5561,1-4
5562,1-10
5563,1-4
5564,5-30
5565,6-8
5566,2-3
5567,6-28
5568,6-29
5569,5-12
5570,6-15
5571,2-3
5572,6-28
5573,2-6
5574,2-3
5575,6-20
5576,5-30
5577,2-6
5578,6-13
5579,2-33
5580,1-9
5581,2-3
5582,2-3
5583,5-30
5584,6-8
5585,5-24
5586,1-4
5587,1-1
5588,1-1
5589,2-3
5590,1-1
5591,1-4
5592,6-15
5593,1-4
5594,5-30
5595,6-15
5596,2-3
5597,5-22
5598,1-1
5599,6-15
5600,2-6
5601,1-1
5602,1-4
5603,8-18
5604,2-3
5605,2-3
5606,1-10
5607,1-1
5608,1-1
5609,6-8
5610,1-9
5611,2-33
5612,1-9
5613,1-9
5614,1-9
5615,6-15
5616,6-20
5617,5-30
5618,2-3
5619,6-8
5620,2-3
5621,1-9
5622,2-33
5623,4-7
5624,1-9
5625,2-3
5626,2-33
5627,1-9
5628,6-15
5629,1-9
5630,1-4
5631,1-4
5632,1-1
5633,1-4
5634,1-9
5635,1-1
5636,1-1
5637,2-6
5638,6-15
5639,6-8
5640,1-1
5641,1-1
5642,6-15
5643,2-6
5644,6-19
5645,5-35
5646,5-30
5647,1-10
5648,6-20
5649,2-6
5650,1-1
5651,5-22
5652,5-30
5653,5-30
5654,2-33
5655,5-35
5656,2-6
5657,1-1
5658,1-9
5659,1-9
5660,1-1
5661,1-4
5662,1-4
5663,5-30
5664,5-30
5665,1-1
5666,5-30
5667,6-15
5668,6-15
5669,6-8
5670,5-30
5671,6-29
5672,1-4
5673,2-6
5674,2-6
5675,9-23
5676,1-9
5677,1-1
5678,5-30
5679,1-4
5680,1-1
5681,5-30
5682,1-1
5683,6-13
5684,6-29
5685,2-3
5686,6-34
5687,5-30
5688,6-8
5689,6-8
5690,1-1
5691,2-25
5692,1-9
5693,5-30
5694,1-4
5695,6-28
5696,2-6
5697,2-25
5698,2-33
5699,6-32
5700,1-1
5701,1-9
5702,5-35
5703,1-1
5704,1-1
5705,1-1
5706,5-30
5707,6-8
5708,6-20
5709,1-4
5710,4-7
5711,1-4
5712,2-3
5713,2-2
5714,2-25
5715,2-6
5716,1-4
5717,5-22
5718,4-7
5719,1-9
5720,1-1
5721,2-3
5722,1-1
5723,2-6
5724,1-1
5725,6-15
5726,1-9
5727,6-8
5728,2-25
5729,5-30
5730,1-9
5731,2-33
5732,6-21
5733,1-1
5734,6-34
5735,1-1
5736,1-9
5737,7-16
5738,6-20
5739,6-29
5740,1-1
5741,2-6
5742,1-9
5743,1-1
5744,6-29
5745,5-35
5746,5-30
5747,5-24
5748,6-15
5749,1-1
5750,5-22
5751,6-20
5752,1-1
5753,6-13
5754,6-28
5755,2-3
5756,6-15
5757,2-3
5758,1-1
5759,6-29
5760,1-9
5761,1-1
5762,2-6
5763,6-8
5764,5-30
5765,1-1
5766,6-20
5767,1-9
5768,2-33
5769,1-9
5770,5-30
5771,6-29
5772,1-1
5773,6-8
5774,5-24
5775,5-30
5776,5-30
5777,5-30
5778,2-6
5779,10-26
5780,4-7
5781,1-10
5782,2-3
5783,2-3
5784,6-15
5785,2-6
5786,1-4
5787,6-21
5788,2-33
5789,2-3
5790,6-13
5791,1-9
5792,6-8
5793,6-8
5794,2-3
5795,2-33
5796,2-3
5797,1-4
5798,5-35
5799,5-30
5800,1-4
5801,2-3
5802,6-15
5803,1-9
5804,2-2
5805,5-30
5806,1-9
5807,2-6
5808,2-3
5809,1-1
5810,1-4
5811,6-8
5812,2-6
5813,1-4
5814,1-1
5815,6-15
5816,1-4
5817,2-3
5818,2-6
5819,1-9
5820,6-29
5821,1-1
5822,4-7
5823,1-1
5824,2-3
5825,6-15
5826,1-4
5827,1-4
5828,5-24
5829,1-1
5830,5-30
5831,1-1
5832,6-15
5833,1-9
5834,1-1
5835,1-4
5836,5-22
5837,1-4
5838,2-2
5839,2-3
5840,1-4
5841,2-6
5842,5-35
5843,1-9
5844,2-3
5845,1-1
5846,5-30
5847,5-30
5848,1-4
5849,2-33
5850,1-4
5851,2-6
5852,6-28
5853,2-2
5854,1-1
5855,6-29
5856,2-6
5857,6-8
5858,1-1
5859,1-1
5860,1-9
5861,1-9
5862,5-35
5863,1-1
5864,6-20
5865,6-15
5866,5-30
5867,1-9
5868,1-1
5869,6-13
5870,1-4
5871,2-3
5872,5-22
5873,2-33
5874,2-3
5875,1-1
5876,1-4
5877,6-29
5878,5-30
5879,2-3
5880,6-8
5881,1-1
5882,2-6
5883,1-1
5884,5-30
5885,6-34
5886,5-30
5887,1-1
5888,5-30
5889,4-7
5890,1-1
5891,1-9
5892,2-33
5893,1-1
5894,2-3
5895,5-30
5896,1-1
5897,6-15
5898,6-13
5899,2-6
5900,6-15
5901,2-6
5902,1-1
5903,1-9
5904,1-4
5905,2-33
5906,6-29
5907,1-9
5908,1-9
5909,6-15
5910,6-32
5911,2-3
5912,6-28
5913,6-15
5914,6-29
5915,1-1
5916,1-4
5917,1-1
5918,4-7
5919,1-4
5920,2-3
5921,1-4
5922,1-1
5923,6-8
5924,5-30
5925,1-1
5926,1-1
5927,1-4
5928,2-25
5929,6-29
5930,6-19
5931,6-21
5932,1-1
5933,1-4
5934,5-35
5935,2-3
5936,5-35
5937,6-15
5938,1-9
5939,1-9
5940,6-34
5941,6-29
5942,6-19
5943,2-3
5944,5-30
5945,2-3
5946,2-6
5947,1-9
5948,4-7
5949,2-3
5950,2-6
5951,5-22
5952,1-4
5953,6-13
5954,1-1
5955,1-4
5956,6-13
5957,5-30
5958,2-6
5959,1-1
5960,1-1
5961,1-1
5962,1-1
5963,2-6
5964,1-4
5965,6-28
5966,6-8
5967,2-2
5968,5-30
5969,2-33
5970,1-1
5971,5-30
5972,2-3
5973,1-1
5974,2-11
5975,1-9
5976,2-6
5977,1-9
5978,1-1
5979,6-8
5980,6-29
5981,2-3
5982,6-20
5983,6-8
5984,1-4
5985,6-29
5986,6-15
5987,1-1
5988,1-4
5989,1-9
5990,6-15
5991,2-3
5992,2-2
5993,1-1
5994,1-9
5995,6-29
5996,1-9
5997,5-22
5998,1-9
5999,2-2
6000,6-21
6001,6-21
6002,1-10
6003,2-3
